,Fund Name,P1,P2,P3,P4,P5,Topsis Score,Rank
0,M1,0.84,0.71,6.7,42.1,12.59,0.410128609554152,8
1,M2,0.91,0.83,7.0,31.7,10.11,0.4503708157740675,5
2,M3,0.79,0.62,4.8,46.7,13.23,0.5311772186516951,3
3,M4,0.78,0.61,6.4,42.4,12.55,0.4134782539919844,7
4,M5,0.94,0.88,3.6,62.2,16.91,0.57702762196467,2
5,M6,0.88,0.77,6.5,51.5,14.91,0.4180425554922531,6
6,M7,0.66,0.44,5.3,48.9,13.83,0.46429246218132103,4
7,M8,0.93,0.86,3.4,37.0,10.55,0.6274487277755187,1
